,Ingredient,Count
0,salt,15070
1,butter,13263
2,white sugar,13032
3,all-purpose flour,10257
4,garlic,8113
5,water,7626
6,olive oil,7531
7,vanilla extract,6507
8,milk,6258
9,eggs,5856
10,vegetable oil,5105
11,ground black pepper,4976
12,ground cinnamon,4462
13,baking powder,3905
14,onion,3844
15,baking soda,3609
16,egg,3594
17,salt and pepper to taste,3272
18,brown sugar,2963
19,salt and ground black pepper to taste,2779
20,garlic powder,2771
21,lemon juice,2593
22,cream cheese,2405
23,grated Parmesan cheese,2228
24,sour cream,2178
25,shredded Cheddar cheese,2059
26,soy sauce,1969
27,mayonnaise,1964
28,honey,1946
29,chicken broth,1912
30,ground nutmeg,1887
31,ground cumin,1838
32,confectioners' sugar,1784
33,cayenne pepper,1734
34,packed brown sugar,1722
35,dried oregano,1711
36,salt to taste,1657
37,skinless boneless chicken breast halves,1648
38,Worcestershire sauce,1628
39,minced garlic,1568
40,chopped fresh parsley,1523
41,cornstarch,1483
42,chopped onion,1453
43,green onions,1443
44,paprika,1388
45,bacon,1371
46,ground beef,1369
47,chili powder,1362
48,eggs beaten,1358
49,chopped walnuts,1345
50,celery,1336
51,green bell pepper,1203
52,dried basil,1136
53,ground ginger,1119
54,carrots,1116
55,large onion,1098
56,red bell pepper,1071
57,unsalted butter,1061
58,chopped fresh cilantro,1046
59,small onion,1043
60,shortening,1033
61,ground black pepper to taste,1029
62,heavy cream,998
63,chopped pecans,986
64,onion powder,981
65,tomato sauce,973
66,shredded mozzarella cheese,963
67,unsweetened cocoa powder,962
68,raisins,953
69,ketchup,946
70,extra-virgin olive oil,937
71,potatoes,923
72,semisweet chocolate chips,919
73,dried thyme,874
74,ground cloves,869
75,cooking spray,860
76,red pepper flakes,824
77,orange juice,821
78,heavy whipping cream,816
79,tomato paste,808
80,kosher salt,775
81,active dry yeast,770
82,dried parsley,769
83,sugar,754
84,margarine,739
85,egg whites,736
86,buttermilk,728
87,fresh lemon juice,724
88,rolled oats,720
89,Dijon mustard,710
90,balsamic vinegar,703
91,garlic salt,703
92,lean ground beef,698
93,canola oil,698
94,onions,675
95,freshly ground black pepper,653
96,black pepper,651
97,red onion,636
98,sesame oil,636
99,lime juice,633
100,peanut butter,631
101,egg yolks,629
102,chopped celery,615
103,red wine vinegar,614
104,curry powder,604
105,diced tomatoes,604
106,melted butter,601
107,wheat flour,591
108,white wine,583
109,boiling water,562
110,lemon juiced,560
111,condensed cream of mushroom soup,558
112,cold water,549
113,chopped fresh basil,539
114,ground allspice,536
115,bay leaf,536
116,sweetened condensed milk,534
117,Italian seasoning,528
118,flaked coconut,517
119,hot pepper sauce,517
120,chicken stock,510
121,almond extract,502
122,white vinegar,494
123,sea salt,491
124,distilled white vinegar,490
125,crushed red pepper flakes,483
126,bay leaves,483
127,ice cubes,476
128,frozen whipped topping thawed,459
129,ground turmeric,448
130,tomato,446
131,jalapeno pepper,443
132,fresh lime juice,442
133,beef broth,441
134,sliced fresh mushrooms,438
135,medium onion,436
136,crumbled feta cheese,434
137,dry bread crumbs,428
138,evaporated milk,414
139,coconut milk,413
140,lemon zest,406
141,ground coriander,403
142,maple syrup,403
143,kernel corn,396
144,apple cider vinegar,395
145,bread flour,394
146,dry white wine,394
147,molasses,390
148,carrot,389
149,pumpkin puree,386
150,minced onion,384
151,chopped green bell pepper,381
152,condensed cream of chicken soup,378
153,extra virgin olive oil,377
154,pepper,375
155,hot water,373
156,vegetable broth,372
157,shredded sharp Cheddar cheese,371
158,shredded Monterey Jack cheese,368
159,large eggs,367
160,crushed pineapple,365
161,plain yogurt,365
162,lime juiced,363
163,salsa,362
164,minced fresh ginger root,360
165,cider vinegar,360
166,chicken,357
167,flour tortillas,356
168,chopped green onions,354
169,sesame seeds,345
170,dried rosemary,343
171,warm water,339
172,ice,335
173,bread crumbs,331
174,diced onion,330
175,cream of tartar,326
176,seasoned salt,324
177,rice vinegar,322
178,dried dill weed,320
179,vegetable oil for frying,316
180,half-and-half,316
181,cornmeal,313
182,skinless boneless chicken breasts,312
183,cucumber,312
184,chicken bouillon,308
185,red wine,304
186,light corn syrup,304
187,salt and freshly ground black pepper to taste,303
188,ricotta cheese,298
189,yellow onion,298
190,uncooked white rice,297
191,egg white,296
192,dry mustard,296
193,vinegar,295
194,ground white pepper,293
195,dried cranberries,292
196,warm water (110 degrees F/45 degrees C),290
197,applesauce,290
198,ground cayenne pepper,290
199,sifted all-purpose flour,287
200,black beans rinsed and drained,283
201,yellow cake mix,277
202,egg yolk,277
203,ground turkey,273
204,eggs lightly beaten,271
205,chopped green onion,270
206,coconut oil,270
207,white wine vinegar,269
208,crushed tomatoes,266
209,large potatoes,265
210,finely chopped onion,263
211,flour,262
212,instant vanilla pudding mix,258
213,jalapeno peppers,257
214,pumpkin pie spice,257
215,quick cooking oats,254
216,self-rising flour,252
217,chopped fresh chives,251
218,fresh mushrooms sliced,250
219,fish sauce,249
220,fluid ounce) can,249
221,miniature marshmallows,248
222,avocado,245
223,shredded Swiss cheese,243
224,freshly grated Parmesan cheese,242
225,prepared mustard,242
226,sweet potatoes,241
227,salt and black pepper to taste,239
228,graham cracker crumbs,237
229,taco seasoning mix,237
230,chopped fresh thyme,234
231,fresh blueberries,232
232,light brown sugar,231
233,apples,230
234,ground pork,228
235,prepared yellow mustard,226
236,half-and-half cream,225
237,freshly ground black pepper to taste,225
238,dried sage,225
239,chopped garlic,222
240,corn tortillas,221
241,sliced almonds,219
242,grated orange zest,219
243,green onion,216
244,red potatoes,216
245,poultry seasoning,216
246,large carrots,215
247,crushed garlic,214
248,barbeque sauce,214
249,large onions,211
250,prepared horseradish,211
251,spaghetti,209
252,ground cardamom,204
253,elbow macaroni,203
254,green bell peppers,202
255,yellow bell pepper,202
256,hot sauce,202
257,spaghetti sauce,201
258,shredded coconut,199
259,celery seed,199
260,sliced mushrooms,198
261,creamy peanut butter,198
262,Cajun seasoning,197
263,chopped fresh rosemary,197
264,celery salt,196
265,orange zest,196
266,dry onion soup mix,195
267,skim milk,193
268,Filling:,193
269,tomatoes chopped,193
270,chopped fresh dill,192
271,frozen chopped spinach thawed and drained,192
272,dried marjoram,191
273,margarine melted,190
274,tuna,190
275,cottage cheese,187
276,Cheddar cheese,187
277,diced celery,186
278,grated lemon zest,186
279,chopped walnuts (optional),186
280,small red onion,185
281,quinoa,185
282,chopped cilantro,184
283,oil for frying,181
284,large egg,181
285,margarine softened,181
286,large tomato,179
287,white onion,176
288,golden raisins,176
289,cocoa powder,176
290,hamburger buns,176
291,panko bread crumbs,176
292,pork chops,175
293,mustard powder,175
294,lemon pepper,174
295,quarts water,174
296,fluid ounce) can evaporated milk,174
297,peanut oil,173
298,pine nuts,171
299,dry sherry,171
300,sliced black olives,170
301,diced tomatoes with green chile peppers,170
302,red bell peppers,169
303,stewed tomatoes,169
304,mozzarella cheese,168
305,beef bouillon,168
306,chopped fresh oregano,168
307,poppy seeds,168
308,garam masala,168
309,sweet onion,167
310,shredded Parmesan cheese,166
311,liquid smoke flavoring,165
312,broccoli florets,165
313,cake flour,164
314,grated fresh ginger,162
315,packed light brown sugar,160
316,chopped red bell pepper,160
317,dried minced onion,160
318,pineapple chunks,159
319,chocolate chips,159
320,boneless skinless chicken breasts,158
321,dark brown sugar,157
322,blueberries,157
323,lemon extract,156
324,slivered almonds,155
325,cumin,154
326,avocados,153
327,confectioners' sugar for dusting,153
328,eggs separated,152
329,low-sodium chicken broth,152
330,red food coloring,151
331,large carrot,151
332,chicken bouillon granules,150
333,penne pasta,149
334,crumbled blue cheese,149
335,pineapple juice,149
336,condensed tomato soup,149
337,baby carrots,149
338,chopped red onion,149
339,fresh basil leaves,148
340,Swiss cheese,147
341,Parmesan cheese,147
342,pecan halves,147
343,garlic cloves,146
344,water to cover,145
345,Topping:,145
346,chopped fresh mint,145
347,Dressing:,145
348,frozen mixed vegetables,144
349,dried tarragon,141
350,fresh spinach,141
351,egg noodles,139
352,granulated sugar,139
353,prepared graham cracker crust,139
354,smoked paprika,138
355,frozen peas,138
356,oyster sauce,138
357,seasoning salt,136
358,Sauce:,136
359,sliced mushrooms drained,135
360,russet potatoes,135
361,cumin seeds,134
362,sifted confectioners' sugar,134
363,pork tenderloin,134
364,cold butter,133
365,apple juice,133
366,corn syrup,133
367,grated Romano cheese,132
368,chopped carrots,132
369,medium shrimp,132
370,chicken wings,131
371,limes juiced,131
372,fresh parsley,130
373,capers,130
374,shredded Mexican cheese blend,130
375,frozen corn,130
376,almond milk,130
377,brandy,130
378,ground paprika,130
379,chopped tomatoes,129
380,cold milk,129
381,large green bell pepper,129
382,wheat germ,129
383,shredded carrots,129
384,garbanzo beans drained,129
385,oil,128
386,banana,128
387,cinnamon,128
388,white chocolate chips,127
389,sea salt to taste,127
390,rum,126
391,water divided,125
392,white pepper,125
393,large cloves garlic,125
394,chopped onions,124
395,unsweetened applesauce,124
396,condensed cream of celery soup,123
397,black peppercorns,123
398,teriyaki sauce,123
399,hot pepper sauce (such as Tabasco®),123
400,vanilla,122
401,salmon fillets,121
402,feta cheese,121
403,rice wine vinegar,121
404,crushed ice,121
405,provolone cheese,120
406,semi-sweet chocolate chips,120
407,chia seeds,119
408,white cake mix,119
409,soy milk,118
410,angel hair pasta,118
411,diced red onion,118
412,cream-style corn,117
413,minced fresh ginger,117
414,unbaked pie crust,117
415,American cheese,117
416,frozen corn kernels,116
417,quick-cooking oats,116
418,softened butter,116
419,beer,115
420,white sugar divided,115
421,tahini,114
422,large shrimp,114
423,whipped cream,114
424,instant coffee granules,112
425,apple,112
426,lasagna noodles,112
427,instant chocolate pudding mix,111
428,ground thyme,111
429,white rice,110
430,shrimp,110
431,beef stock,110
432,minced fresh parsley,110
433,garlic powder to taste,110
434,sliced carrots,110
435,large red onion,110
436,shredded lettuce,109
437,butterscotch chips,109
438,fresh jalapeno peppers,109
439,milk chocolate chips,109
440,hoisin sauce,109
441,Italian seasoned bread crumbs,108
442,lemon,108
443,cherry pie filling,108
444,cream of mushroom soup,107
445,chopped parsley,107
446,boneless skinless chicken breast halves,107
447,Granny Smith apples,107
448,crushed red pepper,107
449,quart vegetable oil for frying,107
450,toasted sesame seeds,106
451,recipe pastry for a 9 inch double crust pie,106
452,sunflower seeds,106
453,cooked bacon,105
454,tomato puree,105
455,Cake:,104
456,Crust:,104
457,tomatoes diced,104
458,shredded cabbage,104
459,fresh raspberries,104
460,refried beans,103
461,recipe pastry for a 9 inch single crust pie,103
462,dried thyme leaves,102
463,chocolate syrup,102
464,large yellow onion,102
465,bread,101
466,grated fresh ginger root,101
467,diced red bell pepper,100
468,cherry tomatoes halved,100
469,walnuts,100
470,chopped green chile peppers,100
471,salt divided,99
472,sherry,99
473,sweet pickle relish,99
474,black beans drained and rinsed,99
475,whipping cream,98
476,finely chopped walnuts,98
477,apple cider,98
478,grated zucchini,98
479,diced green bell pepper,98
480,fresh,98
481,fresh cilantro chopped,97
482,onion salt,97
483,kidney beans rinsed and drained,97
484,Italian-style salad dressing,96
485,chopped fresh flat-leaf parsley,96
486,frozen strawberries,96
487,lemons juiced,95
488,green chile peppers,95
489,linguine pasta,95
490,dry milk powder,95
491,marshmallow creme,95
492,seasoned bread crumbs,95
493,almonds,94
494,large red bell pepper,94
495,cubed beef stew meat,94
496,vodka,94
497,agave nectar,94
498,crushed pineapple with juice,94
499,ranch dressing mix,94
500,Yukon Gold potatoes,93
501,chopped almonds,93
502,mango,93
503,sliced fresh strawberries,92
504,salt (optional),92
505,freshly grated nutmeg,92
506,coarsely ground black pepper,92
507,cooking oil,92
508,dry mustard powder,92
509,dates pitted and chopped,92
510,vegetable shortening,91
511,canned pumpkin,91
512,chicken thighs,91
513,light soy sauce,90
514,Salad:,90
515,raisins (optional),90
516,nutmeg,90
517,frozen green peas,90
518,ground chicken,90
519,unbleached all-purpose flour,89
520,medium potatoes,89
521,refrigerated crescent rolls,89
522,grated carrots,89
523,Salt and pepper to taste,88
524,vanilla yogurt,88
525,blanched slivered almonds,88
526,all-purpose flour divided,88
527,sliced black olives drained,87
528,diced tomatoes drained,87
529,orange marmalade,87
530,green beans drained,87
531,firmly packed brown sugar,87
532,diced tomatoes with juice,87
533,beef stew meat,86
534,crunchy peanut butter,86
535,black pepper to taste,86
536,baby spinach leaves,86
537,cracked black pepper,86
538,fresh orange juice,86
539,fresh green beans trimmed,85
540,seafood seasoning (such as Old Bay®),85
541,warm milk,85
542,fresh cranberries,85
543,boneless pork chops,85
544,cream,85
545,fresh sliced mushrooms,84
546,pizza sauce,84
547,apricot preserves,84
548,toothpicks,84
549,skinless boneless chicken thighs,84
550,mushrooms drained,83
551,light cream,82
552,cashews,82
553,cooked rice,82
554,ice water,82
555,macaroni,82
556,saltine crackers,82
557,mustard seed,82
558,cayenne pepper (optional),82
559,fluid ounces vodka,82
560,bacon bits,82
561,dark rum,82
562,small yellow onion,82
563,mushrooms sliced,81
564,sweet potato,81
565,vegetable stock,81
566,bean sprouts,81
567,mandarin oranges drained,81
568,ground mustard,81
569,leaves fresh basil,81
570,sliced green onions,81
571,yellow mustard,81
572,black beans drained,81
573,kidney beans drained,80
574,cooked white rice,80
575,unflavored gelatin,80
576,cream of chicken soup,80
577,diced carrots,80
578,dry red wine,80
579,rotini pasta,80
580,eggs room temperature,80
581,kosher salt to taste,80
582,2% milk,80
583,sprigs fresh thyme,80
584,caraway seeds,80
585,quart water,80
586,mascarpone cheese,79
587,turkey,79
588,smoked sausage,79
589,bulk pork sausage,79
590,light mayonnaise,79
591,corn oil,79
592,yellow cornmeal,79
593,ground lamb,78
594,oregano,78
595,shredded zucchini,78
596,sweetened flaked coconut,78
597,fresh blackberries,78
598,roma (plum) tomatoes chopped,78
599,water as needed,77
600,goat cheese,77
601,tequila,77
602,roasted red peppers,77
603,maraschino cherries,77
604,ripe bananas mashed,77
605,corn,77
606,frozen chopped spinach,77
607,graham crackers,76
608,chipotle peppers in adobo sauce,76
609,kielbasa sausage,76
610,cooked shrimp,76
611,mashed bananas,76
612,potato,76
613,bananas sliced,76
614,large sweet potatoes,75
615,Marsala wine,75
616,sliced bacon,75
617,fresh peaches,75
618,coarse salt,75
619,marinara sauce,75
620,frozen blueberries,75
621,green food coloring,75
622,artichoke hearts drained and chopped,75
623,prepared Dijon-style mustard,75
624,small red potatoes,74
625,boneless pork loin roast,74
626,large clove garlic,74
627,shallot minced,74
628,French-fried onions,74
629,reduced-sodium soy sauce,73
630,Glaze:,73
631,chocolate cake mix,73
632,frozen hash brown potatoes,73
633,skinless boneless chicken breast,73
634,squares unsweetened chocolate,73
635,Frosting:,73
636,chopped green chilies,73
637,chopped fresh spinach,73
638,almond flour,73
639,grated lime zest,73
640,fluid ounce vodka,73
641,sharp Cheddar cheese,72
642,fresh jalapeno pepper,72
643,baking potatoes,72
644,sliced celery,72
645,pie crust baked,72
646,hard-cooked eggs chopped,71
647,ground cinnamon (optional),71
648,chopped broccoli,71
649,diced green chile peppers,71
650,wonton wrappers,71
651,uncooked long grain white rice,71
652,kidney beans,71
653,fresh pineapple,71
654,buttery round crackers,71
655,zucchini sliced,70
656,Chinese five-spice powder,70
657,tomato juice,70
658,butter flavored shortening,70
659,confectioners' sugar for decoration,70
660,ranch dressing,70
661,diced green chiles,70
662,cubed cooked chicken,70
663,powdered sugar,70
664,envelope dry onion soup mix,70
665,cinnamon stick,70
666,Greek yogurt,70
667,shredded pepperjack cheese,69
668,coconut extract,69
669,white bread,69
670,salmon,68
671,chopped pecans (optional),68
672,flax seeds,68
673,skewers,68
674,small green bell pepper,68
675,finely chopped celery,68
676,diced tomatoes with green chile peppers (such as RO*TEL®),68
677,butternut squash,68
678,lard,68
679,chopped carrot,68
680,frozen green peas thawed,67
681,dried basil leaves,67
682,peeled tomatoes,67
683,bacon drippings,67
684,large sweet onion,67
685,pie shell,67
686,cranberry sauce,67
687,pure maple syrup,66
688,fresh corn kernels,66
689,lemon zested,66
690,cranberries,66
691,crabmeat,66
692,chili sauce,66
693,sprigs fresh parsley,66
694,brown rice,66
695,hot pepper sauce (such as Frank's RedHot®),66
696,cilantro chopped,65
697,medium onions,65
698,quart oil for frying,65
699,to 3 pound) whole chicken,65
700,orange bell pepper,65
701,oats,65
702,dried currants,65
703,packed dark brown sugar,65
704,miniature semisweet chocolate chips,65
705,steak sauce,65
706,lemon zested and juiced,65
707,blue cheese,65
708,peppermint extract,64
709,fresh asparagus trimmed,64
710,pesto,64
711,crumbled goat cheese,64
712,large white onion,64
713,low-sodium soy sauce,64
714,skinless boneless chicken breast meat,64
715,fresh basil,64
716,red pepper flakes (optional),63
717,chopped peanuts,63
718,head garlic,63
719,flax seed meal,62
720,rye flour,62
721,frozen puff pastry thawed,62
722,ground mace,62
723,ground pork sausage,62
724,boneless skinless chicken thighs,62
725,finely chopped pecans,62
726,cherry tomatoes,62
727,spicy brown mustard,61
728,chopped black olives,61
729,ears corn,61
730,large marshmallows,61
731,chopped fresh tarragon,61
732,fresh bread crumbs,61
733,crumbled Gorgonzola cheese,61
734,corn kernels,61
735,dry lentils,61
736,minced red onion,61
737,pecans,61
738,sour cream (optional),60
739,chopped rhubarb,60
740,shredded carrot,60
741,farfalle (bow tie) pasta,60
742,wide egg noodles,60
743,uncooked elbow macaroni,60
744,Monterey Jack cheese,60
745,sliced onion,60
746,dark corn syrup,60
747,pork sausage,60
748,tomatoes,60
749,grated onion,59
750,creme fraiche,59
751,small shrimp,59
752,finely chopped red onion,59
753,mustard,59
754,chili beans,59
755,small red bell pepper,59
756,uncooked long-grain white rice,59
757,chopped fresh sage,59
758,creamy salad dressing (such as Miracle Whip®),59
759,chopped fresh mushrooms,58
760,sprigs fresh rosemary,58
761,barbecue sauce,58
762,superfine sugar,58
763,cannellini beans drained and rinsed,58
764,diced cooked ham,58
765,dried cilantro,58
766,large baking potatoes,58
767,Italian sausage,58
768,ground almonds,58
769,beef brisket,58
770,large cucumber,58
771,cornflakes cereal,57
772,herbes de Provence,57
773,PHILADELPHIA Cream Cheese softened,57
774,chopped cooked chicken,57
775,hot pepper sauce (e.g. Tabasco™),57
776,small onions,57
777,Dijon-style prepared mustard,57
778,shredded cooked chicken,57
779,shredded Gruyere cheese,57
780,caraway seed,57
781,crispy rice cereal,57
782,white sugar (optional),57
783,real maple syrup,57
784,diced tomatoes undrained,57
785,bone-in chicken breast halves,57
786,fresh mint leaves,57
787,individually wrapped caramels unwrapped,56
788,large potato,56
789,rice flour,56
790,confectioners' sugar sifted,56
791,taco seasoning,56
792,minced fresh rosemary,56
793,chopped fresh basil leaves,56
794,nutritional yeast,56
795,uncooked brown rice,55
796,processed cheese food,55
797,mixed salad greens,55
798,tilapia fillets,55
799,shredded Colby-Monterey Jack cheese,55
800,dried cherries,55
801,bulk Italian sausage,55
802,salt and pepper,55
803,bananas,55
804,vegetable bouillon,55
805,sauerkraut drained,55
806,kidney beans drained and rinsed,55
807,crushed saltine crackers,55
808,habanero peppers,55
809,old-fashioned oats,55
810,garlic salt to taste,55
811,almond butter,54
812,ribs celery,54
813,small tomato,54
814,shredded Italian cheese blend,54
815,ground flax seed,54
816,pint heavy cream,54
817,salmon fillet,54
818,eggnog,54
819,Salt and pepper,54
820,fresh ground black pepper,53
821,bottle Italian-style salad dressing,53
822,black beans,53
823,canned pumpkin puree,53
824,boneless chicken breast halves,53
825,toasted sesame oil,53
826,uncooked medium shrimp,53
827,pint heavy whipping cream,52
828,fresh mozzarella cheese,52
829,creamed corn,52
830,raspberries,52
831,dark soy sauce,52
832,garbanzo beans drained and rinsed,52
833,medium red bell pepper,52
834,tomatoes sliced,52
835,grated Cheddar cheese,52
836,seasoned rice vinegar,52
837,minced celery,52
838,pie shell baked,52
839,coconut flour,52
840,ground sage,52
841,fluid ounces water,51
842,cauliflower florets,51
843,flank steak,51
844,fennel seed,51
845,allspice,51
846,small potatoes,51
847,Alfredo sauce,51
848,rubbed sage,51
849,processed cheese,51
850,refrigerated biscuit dough,51
851,chopped sun-dried tomatoes,51
852,arugula,51
853,sliced water chestnuts drained,51
854,cayenne pepper to taste,51
855,baby spinach,51
856,dry fettuccine pasta,51
857,sriracha sauce,51
858,zucchini chopped,51
859,Neufchatel cheese,51
860,Arborio rice,50
861,pork spareribs,50
862,dried bread crumbs,50
863,freshly squeezed lemon juice,50
864,plain Greek yogurt,50
865,Swanson® Chicken Broth,50
866,beef bouillon granules,50
867,strawberry flavored Jell-O®,50
868,Creole seasoning,50
869,uncooked orzo pasta,50
870,beef chuck roast,50
871,coffee flavored liqueur,50
872,peas drained,50
873,xanthan gum,50
874,wheat bread,50
875,lemon cut into wedges,50
876,chopped fresh mint leaves,50
877,sifted cake flour,50
878,lemon sliced,49
879,dried rosemary crushed,49
880,vanilla ice cream,49
881,roma (plum) tomatoes diced,49
882,uncooked spaghetti,49
883,seashell pasta,49
884,quarts chicken broth,49
885,banana sliced,49
886,peanut butter chips,49
887,Reynolds Wrap® Aluminum Foil,49
888,lukewarm water,49
889,minced shallots,49
890,medium green bell pepper,49
891,sauerkraut,49
892,frozen peas thawed,49
893,scoops vanilla ice cream,49
894,strawberries,48
895,Icing:,48
896,apple pie filling,48
897,medium tomato,48
898,peanuts,48
899,water (optional),48
900,barley,48
901,vanilla extract (optional),48
902,ground dry mustard,48
903,orange extract,48
904,peeled and diced tomatoes,48
905,salt and ground black pepper,48
906,boneless beef chuck roast,48
907,nonfat dry milk powder,48
908,Salt and black pepper to taste,48
909,dried parsley flakes,48
910,walnut halves,47
911,minced fresh cilantro,47
912,dry Italian-style salad dressing mix,47
913,chorizo sausage,47
914,Marinade:,47
915,pumpkin,47
916,honey mustard,47
917,long grain white rice,47
918,enchilada sauce,47
919,chopped mushrooms,47
920,lime,47
921,dried red chile peppers,47
922,bottle barbeque sauce,46
923,frozen whipped topping (such as Cool Whip®) thawed,46
924,chipotle chile powder,46
925,chopped pimento peppers,46
926,egg substitute,46
927,oat bran,46
928,processed American cheese,46
929,fresh spinach leaves,46
930,fillets salmon,46
931,fresh shrimp,46
932,English cucumber,46
933,light sour cream,46
934,refrigerated crescent roll dough,46
935,maraschino cherry,46
936,couscous,45
937,grapeseed oil,45
938,mixed vegetables,45
939,lime cut into wedges,45
940,bourbon,45
941,skinless boneless chicken breast half,45
942,dried dill,45
943,chunky salsa,45
944,red curry paste,45
945,snow peas,45
946,sweet corn,45
947,chopped cabbage,45
948,kosher salt and ground black pepper to taste,45
949,sea salt and ground black pepper to taste,45
950,red lentils,45
951,dry potato flakes,45
952,fresh cilantro leaves,45
953,finely chopped fresh parsley,45
954,pure vanilla extract,45
955,nonfat plain yogurt,45
956,andouille sausage,45
957,bourbon whiskey,45
958,new potatoes,45
959,mirin (Japanese sweet wine),44
960,mashed potatoes,44
961,habanero pepper,44
962,small white onion,44
963,medium carrots,44
964,serrano chile peppers,44
965,small carrot,44
966,large russet potatoes,44
967,fresh thyme leaves,44
968,finely chopped garlic,44
969,frozen raspberries,44
970,small sweet onion,44
971,granulated garlic,44
972,low-fat milk,44
973,fennel seeds,44
974,pint sour cream,44
975,ground red pepper,44
976,large garlic cloves,44
977,instant yeast,44
978,soft bread crumbs,44
979,sake,44
980,nonfat milk,44
981,acorn squash halved and seeded,44
982,strong brewed coffee,44
983,crisp rice cereal,44
984,butter at room temperature,44
985,head cauliflower cut into florets,43
986,shredded Cheddar-Monterey Jack cheese blend,43
987,toasted pine nuts,43
988,bananas mashed,43
989,sherry vinegar,43
990,rice wine,43
991,black olives,43
992,lean ground turkey,43
993,dried Italian seasoning,43
994,pinto beans rinsed and drained,43
995,squares semisweet chocolate,43
996,large sweet potato,43
997,pork shoulder roast,43
998,Salt to taste,43
999,wheat pastry flour,43
1000,caramel ice cream topping,43
1001,instant rice,43
1002,cinnamon sticks,42
1003,all-purpose flour for coating,42
1004,diced rhubarb,42
1005,long-grain white rice,42
1006,reduced-fat sour cream,42
1007,chicken drumsticks,42
1008,brown sugar packed,42
1009,large green bell peppers,42
1010,fluid ounce) cans,42
1011,chow mein noodles,42
1012,amaretto liqueur,42
1013,chili seasoning mix,42
1014,Italian-seasoned bread crumbs,42
1015,shredded reduced-fat Cheddar cheese,42
1016,anise seed,42
1017,cooking sherry,42
1018,shallots chopped,42
1019,yogurt,42
1020,chopped sweet onion,42
1021,shredded Cheddar cheese (optional),42
1022,coarsely chopped walnuts,42
1023,cooked brown rice,42
1024,pasta sauce,42
1025,steak seasoning,42
1026,zucchini diced,42
1027,chile-garlic sauce (such as Sriracha®),41
1028,rum flavored extract,41
1029,ears fresh corn,41
1030,finely diced onion,41
1031,coarse sea salt,41
1032,baked beans,41
1033,shallots minced,41
1034,fresh broccoli florets,41
1035,pearl barley,41
1036,diced ham,41
1037,paprika for garnish,41
1038,shredded white Cheddar cheese,41
1039,dried onion flakes,41
1040,fluid ounces orange juice,41
1041,grenadine syrup,41
1042,green peas,41
1043,crushed buttery round crackers,41
1044,uncooked wild rice,41
1045,chopped fresh dill weed,41
1046,fresh strawberries,41
1047,crushed dried rosemary,41
1048,white balsamic vinegar,40
1049,Asian (toasted) sesame oil,40
1050,Salt and freshly ground black pepper,40
1051,avocado peeled and pitted,40
1052,cold unsalted butter,40
1053,eggs at room temperature,40
1054,grated Asiago cheese,40
1055,picante sauce,40
1056,biscuit baking mix,40
1057,gallon water,40
1058,fluid ounces pineapple juice,40
1059,pineapple tidbits,40
1060,dry bread stuffing mix,40
1061,granulated sugar for decoration,40
1062,diced cooked chicken,40
1063,fluid ounces tequila,40
1064,crushed cornflakes cereal,39
1065,wild rice,39
1066,cubed cooked ham,39
1067,white chocolate chopped,39
1068,uncooked egg noodles,39
1069,fluid ounce) jigger vodka,39
1070,capers drained,39
1071,dry penne pasta,39
1072,fresh mushrooms,39
1073,Italian-style seasoning,39
1074,cubed seeded watermelon,39
1075,strips bacon,39
1076,leaves lettuce,39
1077,large tomatoes chopped,39
1078,chopped tomato,39
1079,light coconut milk,39
1080,mussels,39
1081,large eggs beaten,39
1082,smoked salmon,39
1083,thinly sliced green onion,39
1084,cocktail sauce,39
1085,medium red onion,39
1086,bunches green onions,39
1087,seasoned dry bread crumbs,39
1088,chopped yellow onion,39
1089,parsley,39
1090,minced green onion,39
1091,peas,39
1092,instant lemon pudding mix,38
1093,orzo pasta,38
1094,freshly grated Parmigiano-Reggiano cheese,38
1095,ginger paste,38
1096,raspberry jam,38
1097,lemon cake mix,38
1098,minced shallot,38
1099,chocolate-hazelnut spread (such as Nutella®),38
1100,cubed potatoes,38
1101,berry cranberry sauce,38
1102,basmati rice,38
1103,sliced pepperoni,38
1104,finely grated Parmigiano-Reggiano cheese,38
1105,cucumbers,38
1106,ground beef chuck,38
1107,salt to taste (optional),38
1108,lettuce leaves,38
1109,almond meal,38
1110,tamari,38
1111,Mazola® Corn Oil,38
1112,devil's food cake mix,38
1113,turbinado sugar,38
1114,chopped dates,38
1115,cubed fully cooked ham,37
1116,tortilla chips,37
1117,serrano peppers,37
1118,pita bread rounds,37
1119,dark molasses,37
1120,salted butter,37
1121,bread machine yeast,37
1122,milk divided,37
1123,quart milk,37
1124,old-fashioned rolled oats,37
1125,quart chicken stock,37
1126,pinto beans drained,37
1127,thinly sliced celery,37
1128,chopped fresh cilantro (optional),37
1129,monosodium glutamate (MSG),37
1130,fresh red chile pepper,37
1131,hot milk,37
1132,basil leaves,37
1133,green beans,37
1134,taco sauce,37
1135,pork tenderloins,37
1136,ground walnuts,37
1137,buttermilk baking mix,37
1138,pepperoni sausage,37
1139,ghee (clarified butter),37
1140,green chile pepper,37
1141,portobello mushroom caps,37
1142,chopped kale,37
1143,boneless pork loin chops,37
1144,cranberry juice,37
1145,diced potatoes,36
1146,simple syrup,36
1147,wheat bran,36
1148,boneless pork loin,36
1149,sliced green onion,36
1150,paprika to taste,36
1151,chopped fresh ginger root,36
1152,raspberry preserves,36
1153,rigatoni pasta,36
1154,ripe bananas,36
1155,garlic paste,36
1156,rice,36
1157,yellow onions,36
1158,large red bell peppers,36
1159,sweet paprika,36
1160,strawberry jam,36
1161,EAGLE BRAND® Sweetened Condensed Milk,36
1162,orange zested,36
1163,beef short ribs,36
1164,celery ribs,36
1165,thyme,36
1166,Toppings:,36
1167,marinated artichoke hearts drained and chopped,36
1168,whiskey,36
1169,freshly squeezed orange juice,35
1170,grape jelly,35
1171,cinnamon sugar,35
1172,prosciutto,35
1173,chopped nuts,35
1174,dried mint,35
1175,crushed potato chips,35
1176,Granny Smith apple,35
1177,chopped fresh parsley (optional),35
1178,boneless pork shoulder,35
1179,smooth peanut butter,35
1180,quarts vegetable oil for frying,35
1181,scallops,35
1182,fluid ounce triple sec,35
1183,finely chopped fresh cilantro,35
1184,ground pecans,35
1185,frozen orange juice concentrate thawed,35
1186,Dough:,35
1187,plain bread crumbs,35
1188,red onions,35
1189,dried chives,35
1190,peeled and cubed potatoes,35
1191,extra lean ground beef,35
1192,Old Bay Seasoning TM,35
1193,quart chicken broth,35
1194,minced fresh garlic,35
1195,fluid ounce lime juice,35
1196,yellow food coloring,35
1197,fresh bean sprouts,35
1198,reduced-fat cream cheese,35
1199,large skinless boneless chicken breast halves,35
1200,dark chocolate chips,35
1201,unsweetened coconut milk,35
1202,instant pistachio pudding mix,35
1203,sweetened dried cranberries,35
1204,fluid ounces cranberry juice,35
1205,sweet Italian sausage,35
1206,chopped zucchini,35
1207,tapioca flour,34
1208,minced fresh basil,34
1209,bell pepper,34
1210,1% milk,34
1211,chicken bouillon powder,34
1212,firm tofu,34
1213,pinto beans,34
1214,frozen orange juice concentrate,34
1215,mushrooms chopped,34
1216,ham,34
1217,small curd cottage cheese,34
1218,grated Parmigiano-Reggiano cheese,34
1219,pears,34
1220,uncooked instant rice,34
1221,chopped shallots,34
1222,brownie mix,34
1223,potato starch,34
1224,chopped fresh ginger,34
1225,butter (optional),34
1226,port wine,34
1227,zucchini,34
1228,all-purpose flour sifted,34
1229,poblano peppers,34
1230,,34
1231,thick-cut bacon,34
1232,shredded part-skim mozzarella cheese,34
1233,pitted dates,34
1234,baking mix,34
1235,fresh cilantro,34
1236,raw sugar,34
1237,chopped dried apricots,34
1238,condensed cream of potato soup,34
1239,fresh thyme,34
1240,chopped green chiles,33
1241,ground dried chipotle pepper,33
1242,tomatoes seeded and chopped,33
1243,chopped pitted dates,33
1244,ground nutmeg (optional),33
1245,bacon grease,33
1246,freshly cracked black pepper,33
1247,mangos,33
1248,lime flavored Jell-O® mix,33
1249,jumbo pasta shells,33
1250,jellied cranberry sauce,33
1251,orange liqueur,33
1252,frozen chopped broccoli,33
1253,sweet onions,33
1254,adobo seasoning,33
1255,dried savory,33
1256,baked beans with pork,33
1257,dried pinto beans,33
1258,sliced strawberries,33
1259,grape tomatoes halved,33
1260,crabmeat drained and flaked,33
1261,pitted green olives,33
1262,roasted red bell peppers,33
1263,Italian salad dressing,33
1264,unsweetened flaked coconut,33
1265,large tomatoes diced,33
1266,chopped ham,33
1267,cream of coconut,33
1268,grated Parmesan cheese for topping,33
1269,chopped apples,32
1270,sliced pepperoni sausage,32
1271,thinly sliced green onions,32
1272,cubed cooked turkey,32
1273,seasoned salt to taste,32
1274,basil pesto,32
1275,chopped toasted pecans,32
1276,grated Parmesan cheese (optional),32
1277,lemons,32
1278,Cupcakes:,32
1279,triple sec,32
1280,white sugar for decoration,32
1281,instant mashed potato flakes,32
1282,thinly sliced red onion,32
1283,saffron threads,32
1284,butter flavored extract,32
1285,shallot chopped,32
1286,chili oil,32
1287,peeled and diced tomatoes with juice,32
1288,leeks chopped,32
1289,anise extract,32
1290,pint cherry tomatoes,32
1291,artichoke hearts drained,32
1292,shredded mild Cheddar cheese,32
1293,shredded Colby cheese,32
1294,creamy salad dressing,32
1295,spinach,32
1296,natural peanut butter,32
1297,chicken tenders,32
1298,key lime juice,31
1299,Mexican-style corn,31
1300,brandy-based orange liqueur (such as Grand Marnier®),31
1301,imitation crabmeat flaked,31
1302,chopped cooked ham,31
1303,balsamic vinaigrette salad dressing,31
1304,Brie cheese,31
1305,salted peanuts,31
1306,semisweet chocolate chopped,31
1307,lime zest,31
1308,minced fresh chives,31
1309,chicken soup base,31
1310,light olive oil,31
1311,chicken leg quarters,31
1312,hot dogs,31
1313,crumbled cooked bacon,31
1314,thick slices bacon,31
1315,chopped macadamia nuts,31
1316,very ripe bananas mashed,31
1317,sprig fresh thyme,31
1318,chopped cooked turkey,31
1319,dry brown gravy mix,31
1320,shredded American cheese,31
1321,sweet onion (such as Vidalia®),31
1322,roma (plum) tomato,31
1323,brown rice flour,31
1324,fresh ginger root,31
1325,unpopped popcorn,31
1326,bay scallops,31
1327,Burgundy wine,31
1328,canola oil for frying,31
1329,clarified butter,31
1330,beef sirloin,31
1331,extra-lean ground beef,31
1332,turkey bacon,31
1333,chopped Italian flat leaf parsley,31
1334,dry Ranch-style dressing mix,31
1335,cinnamon red hot candies,31
1336,seedless raspberry jam,31
1337,chicken breasts,31
1338,tomato-vegetable juice cocktail,31
1339,miso paste,31
1340,egg roll wrappers,31
1341,unbaked pie crusts,31
1342,fine dry bread crumbs,30
1343,large stalks celery,30
1344,uncooked jasmine rice,30
1345,celery stalk,30
1346,grated carrot,30
1347,cod fillets,30
1348,butter beans,30
1349,head broccoli cut into florets,30
1350,freshly ground pepper,30
1351,seasoned salt (such as LAWRY'S®),30
1352,ground venison,30
1353,condensed golden mushroom soup,30
1354,white rice flour,30
1355,sun-dried tomatoes packed in oil,30
1356,cilantro,30
1357,ground coriander seed,30
1358,almond paste,30
1359,chopped cooked chicken breast,30
1360,chile paste,30
1361,pearl onions,30
1362,fluid ounces gin,30
1363,boneless skinless chicken breast,30
1364,pomegranate juice,30
1365,popped popcorn,30
1366,raspberry flavored Jell-O® mix,30
1367,large apples,30
1368,whipped cream cheese,30
1369,diced carrot,30
1370,petite diced tomatoes,30
1371,fresh-ground black pepper,30
1372,crushed red pepper flakes (optional),30
1373,squares unsweetened chocolate melted,30
1374,canned tomato sauce,30
1375,finely chopped green bell pepper,30
1376,beef bouillon cube,30
1377,orange,30
1378,lime zested and juiced,30
1379,fresh mushrooms chopped,29
1380,apricot jam,29
1381,chopped white onion,29
1382,lemon juice (optional),29
1383,dry vermouth,29
1384,pepperjack cheese,29
1385,frozen chopped spinach thawed,29
1386,lentils,29
1387,solid pack pumpkin puree,29
1388,olive oil for frying,29
1389,cola-flavored carbonated beverage,29
1390,uncooked long-grain rice,29
1391,part-skim ricotta cheese,29
1392,thinly sliced apples,29
1393,fresh ginger root minced,29
1394,unsweetened shredded coconut,29
1395,brown sugar divided,29
1396,cumin seed,29
1397,processed cheese food (such as Velveeta®),29
1398,medium red potatoes,29
1399,minced green bell pepper,29
1400,halved cherry tomatoes,29
1401,black olives drained,29
1402,frozen lemonade concentrate,29
1403,finely chopped green onions,29
1404,saffron,29
1405,coarsely chopped pecans,29
1406,quick-cooking tapioca,29
1407,sliced zucchini,29
1408,warm milk (110 degrees F/45 degrees C),29
1409,bow tie pasta,29
1410,squares semisweet chocolate chopped,29
1411,dill pickle juice,28
1412,chopped fresh cilantro leaves,28
1413,salt and ground black pepper to taste (optional),28
1414,uncooked rotini pasta,28
1415,lime sliced,28
1416,semolina flour,28
1417,quart oil for deep frying,28
1418,beef consomme,28
1419,seedless red grapes halved,28
1420,crushed tortilla chips,28
1421,chopped fresh strawberries,28
1422,mashed banana,28
1423,cracked black pepper to taste,28
1424,coleslaw mix,28
1425,creamy salad dressing e.g. Miracle Whip ™,28
1426,finely chopped cilantro,28
1427,finely grated Parmesan cheese,28
1428,lean ground pork,28
1429,dill weed,28
1430,pre-baked pizza crust,28
1431,fat-free sour cream,28
1432,fluid ounce) can beer,28
1433,large egg whites,28
1434,bottle ketchup,28
1435,olive oil cooking spray,28
1436,fluid ounce) can tomato juice,28
1437,large egg yolks,28
1438,sweet chili sauce,28
1439,Irish cream liqueur,28
1440,cooked crabmeat,28
1441,apple pie spice,28
1442,seedless grapes,28
1443,miniature chocolate chips,28
1444,button mushrooms sliced,28
1445,fluid ounce lemon juice,28
1446,envelope active dry yeast,28
1447,pork and beans,28
1448,sunflower seed oil,28
1449,reduced-fat mayonnaise,27
1450,low-fat sour cream,27
1451,dried split peas,27
1452,sausage,27
1453,frozen lemonade concentrate thawed,27
1454,Greek seasoning,27
1455,medium head cabbage chopped,27
1456,linguini pasta,27
1457,toasted slivered almonds,27
1458,sprig fresh rosemary,27
1459,pasta,27
1460,matzo meal,27
1461,currants,27
1462,unsweetened pineapple juice,27
1463,seedless green grapes halved,27
1464,dried beef,27
1465,blue cheese salad dressing,27
1466,oil for deep frying,27
1467,minced green onions,27
1468,zucchini thinly sliced,27
1469,serrano pepper,27
1470,dark sesame oil,27
1471,head iceberg lettuce,27
1472,finely chopped red bell pepper,27
1473,Dipping Sauce:,27
1474,unsweetened almond milk,27
1475,white corn,27
1476,orange juiced,27
1477,condensed French onion soup,27
1478,drained capers,27
1479,croutons,27
1480,instant coffee powder,27
1481,orange flavored Jell-O® mix,27
1482,brewed coffee,27
1483,mini semi-sweet chocolate chips,27
1484,lemon juiced and zested,27
1485,serrano chile pepper,27
1486,coriander seeds,27
1487,mustard seeds,27
1488,chopped fresh tomato,27
1489,chopped hazelnuts,26
1490,dried minced garlic,26
1491,oat flour,26
1492,beef bouillon cubes,26
1493,raspberry vinegar,26
1494,guacamole,26
1495,sour milk,26
1496,mushrooms,26
1497,spaghetti squash halved and seeded,26
1498,sea scallops,26
1499,chopped yellow bell pepper,26
1500,Gorgonzola cheese,26
1501,fresh baby spinach,26
1502,corn tortilla chips,26
1503,pitted prunes,26
1504,black-eyed peas rinsed and drained,26
1505,shredded provolone cheese,26
1506,white potatoes,26
1507,blackberries,26
1508,cornstarch (optional),26
1509,eggs slightly beaten,26
1510,beef top sirloin,26
1511,peanut oil for frying,26
1512,diced pimento peppers,26
1513,tomato soup,26
1514,minced fresh thyme,26
1515,parsley flakes,26
1516,garlic clove,26
1517,tarragon vinegar,26
1518,dried apricots,26
1519,rotisserie chicken,26
1520,Original Snack Factory® Pretzel Crisps®,26
1521,unbaked pie shell,26
1522,water chestnuts drained and chopped,26
1523,fine salt,26
1524,Italian-style diced tomatoes,26
1525,minced red bell pepper,26
1526,hot dog buns,26
1527,large red potatoes,26
1528,brown mustard,26
1529,frozen green beans,26
1530,pint cherry tomatoes halved,26
1531,black sesame seeds,26
1532,pineapple rings,26
1533,pork shoulder,26
1534,lemon thinly sliced,26
1535,sugar snap peas,26
1536,red food coloring (optional),26
1537,fresh tomatillos husks removed,26
1538,Italian bread crumbs,26
1539,beaten egg,26
1540,curry paste,26
1541,milk room temperature,26
1542,fat-free chicken broth,25
1543,masa harina,25
1544,wasabi paste,25
1545,frozen mango chunks,25
1546,chopped Italian parsley,25
1547,quarts cold water,25
1548,lime zested,25
1549,vegetable,25
1550,fluid ounces milk,25
1551,dill pickle relish,25
1552,ranch-style beans,25
1553,freshly squeezed lime juice,25
1554,sheet frozen puff pastry thawed,25
1555,chicken chunks,25
1556,processed cheese food (eg. Velveeta),25
1557,chunk chicken,25
1558,chopped cashews,25
1559,baby corn,25
1560,mashed sweet potatoes,25
1561,long grain rice,25
1562,cut green beans drained,25
1563,toasted sliced almonds,25
1564,chopped pistachio nuts,25
1565,avocados peeled and pitted,25
1566,ditalini pasta,25
1567,chopped cauliflower,25
1568,grated lemon peel,25
1569,small jalapeno pepper,25
1570,cooked chicken breast,25
1571,fluid ounce amaretto liqueur,25
1572,golden syrup,25
1573,powdered milk,25
1574,white beans drained,25
1575,maple flavored extract,25
1576,diced zucchini,25
1577,medium yellow onion,25
1578,sliced red onion,25
1579,basil,25
1580,granola,25
1581,avocado diced,25
1582,corned beef,25
1583,thinly sliced onion,25
1584,skinless chicken thighs,25
1585,fine sea salt,25
1586,vanilla sugar,25
1587,real bacon bits,25
1588,mini chocolate chips,25
1589,plain low-fat yogurt,25
1590,Ranch-style salad dressing,25
1591,Garnish:,25
1592,chicken livers,24
1593,walnut oil,24
1594,frozen pineapple chunks,24
1595,frozen chopped spinach thawed and squeezed dry,24
1596,beef tenderloin,24
1597,fresh strawberries hulled,24
1598,browning sauce,24
1599,bacon strips,24
1600,cooked chicken breasts,24
1601,bittersweet chocolate chopped,24
1602,chopped cucumber,24
1603,fat-free milk,24
1604,cheese tortellini,24
1605,squares unsweetened chocolate chopped,24
1606,clam juice,24
1607,jumbo shrimp,24
1608,pork loin,24
1609,beef flank steak,24
1610,herb-seasoned dry bread stuffing mix,24
1611,dried Italian herb seasoning,24
1612,ancho chile powder,24
1613,shredded Mexican blend cheese,24
1614,low-fat mayonnaise,24
1615,cooked chicken,24
1616,allspice berries,24
1617,diced jalapeno peppers,24
1618,cooked turkey,24
1619,celery with leaves,24
1620,fluid ounce) cans evaporated milk,24
1621,wheat tortillas,24
1622,ground flax seeds,24
1623,pickled jalapeno peppers,24
1624,cooking spray (such as Pam®),24
1625,shredded extra-sharp Cheddar cheese,24
1626,hoagie rolls split lengthwise,24
1627,pint fresh blueberries,24
1628,ripe tomato,24
1629,pork butt roast,24
1630,French bread,24
1631,rib celery,24
1632,pinto beans drained and rinsed,24
1633,fresh mushrooms quartered,24
1634,club soda,24
1635,sun-dried tomatoes,24
1636,fresh strawberries sliced,24
1637,sourdough starter,24
1638,condensed Cheddar cheese soup,23
1639,thinly sliced carrots,23
1640,finely chopped green onion,23
1641,crispy rice cereal (such as Rice Krispies®),23
1642,coarse ground black pepper,23
1643,fluid ounce simple syrup,23
1644,dried rice noodles,23
1645,bread toasted,23
1646,bone-in chicken pieces,23
1647,frozen limeade concentrate,23
1648,salmon steaks,23
1649,reduced-sodium chicken broth,23
1650,chopped green olives,23
1651,yellow squash sliced,23
1652,finely shredded Cheddar cheese,23
1653,prepared salsa,23
1654,maraschino cherries halved,23
1655,chunky peanut butter,23
1656,cubed Cheddar cheese,23
1657,vital wheat gluten,23
1658,Knorr® Rice Sides™,23
1659,finely chopped fresh basil,23
1660,bananas peeled and sliced,23
1661,fire-roasted diced tomatoes,23
1662,banana mashed,23
1663,spelt flour,23
1664,minced ginger,23
1665,chopped fresh pineapple,23
1666,milk (optional),23
1667,peeled and deveined medium shrimp,23
1668,chopped spinach,23
1669,chocolate cookie crumbs,23
1670,sriracha hot sauce,23
1671,chicken legs,23
1672,strawberry flavored Jell-O® mix,23
1673,pint grape tomatoes halved,23
1674,ground white pepper to taste,23
1675,lemon-lime flavored carbonated beverage,23
1676,lemon halved,23
1677,small zucchini sliced,23
1678,pancetta bacon,23
1679,coconut sugar,23
1680,fat free sour cream,23
1681,freshly grated ginger,23
1682,shredded Colby-Jack cheese,23
1683,chopped jalapeno pepper,22
1684,yellow bell peppers,22
1685,crab meat drained,22
1686,Louisiana-style hot sauce,22
1687,chopped fresh garlic,22
1688,fat-free mayonnaise,22
1689,Anaheim chile peppers,22
1690,finely chopped almonds,22
1691,persimmon pulp,22
1692,chopped cilantro leaves,22
1693,sea salt and freshly ground black pepper to taste,22
1694,medium head cabbage shredded,22
1695,salt and freshly ground black pepper,22
1696,quarts chicken stock,22
1697,large yellow onions,22
1698,uncooked quinoa,22
1699,finely grated lemon zest,22
1700,chopped fresh broccoli,22
1701,chopped romaine lettuce,22
1702,ground red chile pepper,22
1703,low-fat cottage cheese,22
1704,chickpeas (garbanzo beans) drained,22
1705,fresh ginger,22
1706,steel-cut oats,22
1707,dill pickle slices,22
1708,spice cake mix,22
1709,ziti pasta,22
1710,flaxseed meal,22
1711,mango chutney,22
1712,leek chopped,22
1713,shredded red cabbage,22
1714,fillets tilapia,22
1715,sliced green olives,22
1716,pitted kalamata olives,22
1717,head cauliflower chopped,22
1718,imitation crabmeat,22
1719,maraschino cherries drained,22
1720,lukewarm milk,22
1721,Batter:,22
1722,any flavor fruit jam,22
1723,fruit cocktail drained,22
1724,bag baby spinach leaves,22
1725,crimini mushrooms sliced,22
1726,spinach rinsed and chopped,22
1727,dried Mexican oregano,22
1728,coconut water,22
1729,apricot nectar,22
1730,malt vinegar,22
1731,Brussels sprouts,22
1732,eggs well beaten,22
1733,ground cinnamon divided,22
1734,bag semisweet chocolate chips,22
1735,lemon pepper seasoning,22
1736,candy-coated milk chocolate pieces,22
1737,firmly packed light brown sugar,22
1738,garbanzo beans,22
1739,head cauliflower broken into florets,22
1740,hard-boiled eggs chopped,22
1741,fresh green beans trimmed and snapped,22
1742,black beans undrained,22
1743,chopped fresh parsley for garnish,22
1744,sesame seeds (optional),22
1745,lemon pepper to taste,22
1746,flour tortillas warmed,22
1747,medium head garlic,22
1748,frozen bite-size potato nuggets (such as Tater Tots®),22
1749,medium baking potatoes,22
1750,Spanish onion,22
1751,chopped black olives drained,22
1752,chile sauce,22
1753,asafoetida powder,22
1754,sliced jalapeno peppers,22
1755,tart apples,21
1756,cooked ham diced,21
1757,baking mix (such as Bisquick ®),21
1758,head romaine lettuce chopped,21
1759,Creole seasoning (such as Tony Chachere's®),21
1760,celery stalks,21
1761,avocado oil,21
1762,serving cooking spray,21
1763,apple cored and chopped,21
1764,dried minced onion flakes,21
1765,pumpkin seeds,21
1766,frozen peas and carrots,21
1767,mashed ripe bananas,21
1768,sweetened dried cranberries (such as Craisins®),21
1769,hot brewed coffee,21
1770,chopped cranberries,21
1771,freshly shredded Parmesan cheese,21
1772,wooden skewers,21
1773,half and half,21
1774,jalapeno chile peppers,21
1775,white whole wheat flour,21
1776,mint leaves,21
1777,large tomatoes,21
1778,minced clams,21
1779,Italian-style stewed tomatoes,21
1780,Meatballs:,21
1781,cooked skinless boneless chicken breast halves,21
1782,large sweet onions,21
1783,fresh rosemary,21
1784,dried porcini mushrooms,21
1785,fat-free reduced-sodium chicken broth,21
1786,black olives chopped,21
1787,blueberry pie filling,21
1788,seasoned croutons,21
1789,plain fat-free Greek yogurt,21
1790,ground sirloin,21
1791,Italian-style bread crumbs,21
1792,farfalle pasta,21
1793,walnut pieces,21
1794,seasoning salt to taste,21
1795,long-grain rice,21
1796,ground sausage,21
1797,shiitake mushrooms sliced,21
1798,chicken breast,21
1799,chopped raisins,21
1800,ground dried thyme,21
1801,fluid ounces club soda,21
1802,fluid ounce) can pineapple juice,21
1803,fluid ounce Irish cream liqueur,21
1804,Muenster cheese,21
1805,Italian sausage links,21
1806,unbaked deep dish pie crust,21
1807,boneless chicken thighs,21
1808,vanilla wafers crushed,21
1809,stevia powder,21
1810,honey (optional),21
1811,ground Italian sausage,21
1812,tamarind paste,21
1813,white hominy drained,21
1814,German chocolate cake mix,21
1815,unsalted butter at room temperature,21
1816,beef round steak,21
1817,lemon flavored Jell-O® mix,21
1818,sourdough bread,21
1819,kidney beans undrained,21
1820,multicolored candy sprinkles,21
1821,water chestnuts drained,20
1822,bag fresh spinach,20
1823,grated mozzarella cheese,20
1824,candied cherries,20
1825,ginger ale,20
1826,quart half-and-half,20
1827,flaked coconut (optional),20
1828,dry kidney beans,20
1829,smoked bacon,20
1830,beef sirloin steak,20
1831,envelope unflavored gelatin,20
1832,roasted garlic,20
1833,powdered non-dairy creamer,20
1834,Spice Islands® Pure Vanilla Extract,20
1835,head cabbage chopped,20
1836,fresh mushrooms stems removed,20
1837,green enchilada sauce,20
1838,banana broken into chunks,20
1839,pomegranate seeds,20
1840,apple butter,20
1841,chopped fresh Italian parsley,20
1842,Reynolds® Parchment Paper,20
1843,chopped fresh rhubarb,20
1844,powdered fruit pectin,20
1845,bell peppers,20
1846,sprigs fresh mint,20
1847,spring onions,20
1848,buckwheat flour,20
1849,lemons zested,20
1850,pimento-stuffed green olives,20
1851,cilantro leaves,20
1852,sliced peaches drained,20
1853,unbaked tart shells,20
1854,medium salsa,20
1855,deep dish pie crust,20
1856,soft goat cheese,20
1857,fusilli pasta,20
1858,chopped fresh tomatoes,20
1859,cracker crumbs,20
1860,pint part-skim ricotta cheese,20
1861,head romaine lettuce,20
1862,sage,20
1863,canned diced tomatoes,20
1864,condensed chicken broth,20
1865,shaved Parmesan cheese,20
1866,cannellini beans,20
1867,cocoa,20
1868,great Northern beans rinsed and drained,20
1869,chocolate chips (optional),20
1870,ground cayenne pepper to taste,20
1871,chili without beans,19
1872,white corn syrup,19
1873,large eggs lightly beaten,19
1874,PAM® Original No-Stick Cooking Spray,19
1875,ground chuck,19
1876,adobo sauce from chipotle peppers,19
1877,dry black beans,19
1878,regular rolled oats,19
1879,fluid ounce) container chicken stock,19
1880,soy sauce divided,19
1881,shredded sharp white Cheddar cheese,19
1882,chopped strawberries,19
1883,fresh ginger grated,19
1884,boneless chicken breasts,19
1885,sour cream for topping,19
1886,sorghum flour,19
1887,mixed spice,19
1888,loaf French bread,19
1889,lemon-pepper seasoning,19
1890,shallot finely chopped,19
1891,green salsa,19
1892,prepared chocolate frosting,19
1893,chuck roast,19
1894,rose water,19
1895,small head cabbage shredded,19
1896,red,19
1897,cooked ham,19
1898,fajita seasoning,19
1899,gluten-free all purpose baking flour,19
1900,French fried onions,19
1901,vanilla wafer crumbs,19
1902,chopped onion (optional),19
1903,light rum,19
1904,pecans chopped,19
1905,thick cut pork chops,19
1906,kidney beans with liquid,19
1907,chickpeas (garbanzo beans) drained and rinsed,19
1908,limes,19
1909,ginger,19
1910,medium carrot,19
1911,thick sliced bacon,19
1912,beef gravy,19
1913,fluid ounce) can chicken broth,19
1914,dill seed,19
1915,bacon slices,19
1916,dried thyme crushed,19
1917,hot pepper sauce (optional),19
1918,garlic powder (optional),19
1919,Ranch dressing,19
1920,ladyfingers,19
1921,beef skirt steak,19
1922,dried navy beans,19
1923,ground veal,19
1924,red enchilada sauce,19
1925,uncooked basmati rice,19
1926,quick-cooking grits,19
1927,Montreal steak seasoning,19
1928,pint fresh strawberries sliced,19
1929,peeled and diced potatoes,19
1930,large avocado,19
1931,pear,19
1932,fluid ounces rum,19
1933,scalded milk,19
1934,frozen cut green beans,19
1935,shredded cooked chicken meat,19
1936,granular no-calorie sucralose sweetener (such as Splenda®),19
1937,pickling spice,19
1938,peeled tomatoes chopped,19
1939,frozen chopped broccoli thawed,19
1940,Crisco® Original No-Stick Cooking Spray,19
1941,cantaloupe,19
1942,meat tenderizer,19
1943,crushed pretzels,19
1944,carton chicken broth,19
1945,pitted black olives,19
1946,roma (plum) tomatoes,19
1947,finely chopped fresh rosemary,19
1948,frozen strawberries thawed,19
1949,warm water (110 degrees F),19
1950,uncooked short-grain white rice,19
1951,hazelnuts,19
1952,chopped flat-leaf parsley,19
1953,large Granny Smith apples,19
1954,coffee-flavored liqueur (such as Kahlua®),19
1955,kale,19
1956,prepared graham cracker crusts,19
1957,anchovy paste,18
1958,uncooked shrimp,18
1959,heavy cream whipped,18
1960,loaf frozen bread dough thawed,18
1961,green tea powder (matcha),18
1962,cashew halves,18
1963,diced cooked chicken breast meat,18
1964,strawberry preserves,18
1965,low-fat plain yogurt,18
1966,Swanson® Chicken Stock,18
1967,firm tofu cubed,18
1968,coffee-flavored liqueur,18
1969,vanilla soy milk,18
1970,cooked and mashed sweet potatoes,18
1971,garbanzo beans (chickpeas) drained and rinsed,18
1972,fresh ginger minced,18
1973,rapid rise yeast,18
1974,cooked wild rice,18
1975,diced cucumber,18
1976,grape tomatoes,18
1977,chopped crystallized ginger,18
1978,reduced fat sour cream,18
1979,all-purpose baking mix,18
1980,squares bittersweet chocolate chopped,18
1981,scallions chopped,18
1982,fat-free plain yogurt,18
1983,shallots finely chopped,18
1984,crushed pineapple in juice,18
1985,garbanzo beans rinsed and drained,18
1986,diced green onion,18
1987,small carrots,18
1988,thick pork chops,18
1989,dry corn muffin mix,18
1990,caramel sauce,18
1991,cream of celery soup,18
1992,light cream cheese,18
1993,low sodium soy sauce,18
1994,tray ice cubes,18
1995,Knorr® Fiesta Sides™,18
1996,strawberries hulled,18
1997,cream cheese at room temperature,18
1998,chopped jalapeno peppers,18
1999,pork roast,18
2000,low-sodium beef broth,18
2001,instant espresso powder,18
2002,Chicken:,18
2003,unsweetened cocoa,18
2004,chili with beans,18
2005,uncooked rice,18
2006,uncooked penne pasta,18
2007,sliced fresh mushrooms (optional),18
2008,chili powder (optional),18
2009,ripe banana mashed,18
2010,raw honey,18
2011,fluid ounce cranberry juice,18
2012,fresh green beans,18
2013,safflower oil,18
2014,seedless red grapes,18
2015,diced mango,18
2016,hot Italian sausage,18
2017,kosher salt divided,18
2018,flour tortilla,18
2019,Reynolds Wrap® Heavy Duty Aluminum Foil,18
2020,diced tomato,18
2021,head iceberg lettuce shredded,18
2022,rotelle pasta,18
2023,kosher salt and freshly ground black pepper to taste,18
2024,all-purpose flour for dusting,18
2025,dry black-eyed peas,18
2026,dried red pepper flakes,18
2027,large flour tortillas,18
2028,heavy cream chilled,18
2029,dried bread crumbs seasoned,18
2030,shredded Gouda cheese,18
2031,vegetarian Worcestershire sauce,18
2032,chicken flavored ramen noodles,18
2033,lightly packed brown sugar,18
2034,processed cheese (such as Velveeta®),18
2035,peach schnapps,18
2036,shallots thinly sliced,18
2037,sugar-based curing mixture (such as Morton® Tender Quick®),18
2038,artichoke hearts drained and quartered,17
2039,chilled butter,17
2040,cooked ham cubed,17
2041,sherry wine,17
2042,sliced fresh peaches,17
2043,Irish stout beer (such as Guinness®),17
2044,pickling salt,17
2045,thawed COOL WHIP Whipped Topping,17
2046,breakfast sausage,17
2047,peppercorns,17
2048,diced cooked turkey,17
2049,seedless green grapes,17
2050,sazon seasoning,17
2051,chopped green chiles drained,17
2052,Cooking spray,17
2053,rump roast,17
2054,granular sucrolose sweetener (such as Splenda®),17
2055,shortening melted,17
2056,cubed cooked chicken meat,17
2057,hard-cooked eggs sliced,17
2058,diced green chilies drained,17
2059,Gruyere cheese,17
2060,zucchini cubed,17
2061,liquid smoke flavoring (optional),17
2062,fruit flavored Jell-O® mix,17
2063,Pillsbury BEST® All Purpose Flour,17
2064,tapioca starch,17
2065,butternut squash halved and seeded,17
2066,sliced black olives (optional),17
2067,ripe avocados,17
2068,lime wedge,17
2069,minced clams drained with juice reserved,17
2070,melted margarine,17
2071,hot pepper sauce to taste,17
2072,chicken tenderloins,17
2073,fine bread crumbs,17
2074,large stalk celery,17
2075,dry ziti pasta,17
2076,milk chocolate candy kisses unwrapped,17
2077,baby red potatoes,17
2078,melted shortening,17
2079,sheets phyllo dough,17
2080,button mushrooms chopped,17
2081,shredded coleslaw mix,17
2082,beef chuck,17
2083,bone-in chicken thighs,17
2084,bone-in pork chops,17
2085,frozen shelled edamame (green soybeans),17
2086,fresh asparagus trimmed and cut into 1 inch pieces,17
2087,hot sauce to taste,17
2088,olive oil (optional),17
2089,silken tofu,17
2090,peeled and deveined shrimp,17
2091,halibut fillets,17
2092,sliced pineapple,17
2093,flat iron steaks,17
2094,dry corn bread mix,17
2095,frozen whole kernel corn,17
2096,yellow squash chopped,17
2097,blue cheese dressing,17
2098,grated Pecorino Romano cheese,17
2099,raw shrimp,17
2100,country style pork ribs,17
2101,candy corn,17
2102,diced sweet onion,17
2103,ground black pepper (optional),17
2104,corn bread mix,17
2105,rye bread,17
2106,turkey stock,17
2107,vanilla wafers,17
2108,large cucumbers,17
2109,ground oregano,17
2110,hard-cooked eggs peeled and chopped,17
2111,prepared chocolate cookie crumb crust,17
2112,thinly sliced prosciutto,17
2113,crumbled cotija cheese,17
2114,mahi mahi fillets,17
2115,soy flour,17
2116,quart vegetable broth,17
2117,Soup:,17
2118,turmeric powder,17
2119,corn flour,17
2120,mashed ripe banana,16
2121,fluid ounce gin,16
2122,prepared stuffing,16
2123,pine nuts toasted,16
2124,white cooking wine,16
2125,ripe avocado,16
2126,toffee baking bits,16
2127,links pork sausage,16
2128,wine vinegar,16
2129,wasabi powder,16
2130,raw pumpkin seeds,16
2131,frozen peach slices,16
2132,chopped scallions,16
2133,fresh curry leaves,16
2134,coconut flakes,16
2135,lima beans drained,16
2136,dry roasted peanuts,16
2137,instant hot chocolate mix,16
2138,lime wedges,16
2139,plain nonfat yogurt,16
2140,chopped fresh cilantro divided,16
2141,tapioca,16
2142,dried red chile pepper,16
2143,maraschino cherries chopped,16
2144,sour cream divided,16
2145,Heinz Tomato Ketchup,16
2146,garlic pepper seasoning,16
2147,chopped toasted hazelnuts,16
2148,onion powder to taste,16
2149,red chile pepper,16
2150,uncooked long grain rice,16
2151,blanched almonds,16
2152,liquid smoke,16
2153,limes zested and juiced,16
2154,BREAKSTONE'S,16
2155,Original Bisquick® mix,16
2156,sliced peaches,16
2157,red pepper,16
2158,chopped cooked chicken meat,16
2159,unsulfured molasses,16
2160,Salt and freshly ground pepper,16
2161,salt and freshly ground pepper to taste,16
2162,fluid ounce peach schnapps,16
2163,gin,16
2164,aged balsamic vinegar,16
2165,sprig fresh mint,16
2166,VELVEETA® cut into 1/2-inch cubes,16
2167,brown lentils,16
2168,smoked Gouda cheese,16
2169,salt-free seasoning blend,16
2170,chopped green pepper,16
2171,solid white tuna packed in water,16
2172,large sweet onion (such as Vidalia®),16
2173,condensed beef broth,16
2174,vanilla bean,16
2175,slivered almonds toasted,16
2176,Reynolds® Slow Cooker Liner,16
2177,pineapple,16
2178,uncooked Arborio rice,16
2179,chickpeas drained and rinsed,16
2180,refrigerated pizza crust dough,16
2181,sweetened whipped cream,16
2182,cucumbers sliced,16
2183,chopped candied citron,16
2184,reduced sodium chicken broth,16
2185,quarts oil for deep frying,16
2186,cooked small shrimp,16
2187,grated ginger,16
2188,dried figs,16
2189,head cauliflower broken into small florets,16
2190,small cucumber,16
2191,vanilla wafer cookies,16
2192,bottle barbecue sauce,16
2193,swordfish steaks,16
2194,fillets catfish,16
2195,creamy salad dressing (e.g. Miracle Whip),16
2196,marshmallows,16
2197,rosemary,16
2198,fluid ounce) can frozen lemonade concentrate,16
2199,cooked salad shrimp,16
2200,cognac,16
2201,small head cabbage chopped,16
2202,sliced onions,16
2203,pastry for a 9 inch double crust pie,16
2204,black-eyed peas drained,16
2205,quinoa rinsed,16
2206,chopped frozen broccoli thawed,16
2207,instant banana pudding mix,16
2208,fresh asparagus spears trimmed,16
2209,fluid ounces sweet and sour mix,16
2210,ground round,16
2211,dried oregano leaves,16
2212,pepperoni,16
2213,tomatoes seeded and diced,16
2214,chopped chives,16
2215,uncooked lasagna noodles,16
2216,fluid ounces cola-flavored carbonated beverage,16
2217,chopped fresh marjoram,16
2218,fluid ounce coffee flavored liqueur,16
2219,thousand island salad dressing,16
2220,graham cracker crust,16
2221,venison,16
2222,loaf processed cheese food (such as Velveeta®),16
2223,Salt and ground black pepper,16
2224,red chile peppers,16
2225,leeks sliced,16
2226,mayonnaise (such as Hellman's®),16
2227,Dry Rub:,16
2228,creme de menthe liqueur,16
2229,cream sherry,16
2230,beets,16
2231,red chile powder,16
2232,white rum,16
2233,half-pint canning jars with lids and rings,16
2234,raw sunflower seeds,16
2235,shredded unsweetened coconut,16
2236,mandarin orange segments drained,16
2237,fluid ounce grenadine syrup,16
2238,fresh crabmeat,15
2239,medium sweet potatoes,15
2240,large orange,15
2241,shredded Mexican-style cheese blend,15
2242,Campbell's® Condensed Cream of Chicken Soup (Regular,15
2243,hard-cooked egg,15
2244,vegetable oil for deep frying,15
2245,deli ham,15
2246,envelopes unflavored gelatin,15
2247,raw almonds,15
2248,diced tomatoes and green chiles,15
2249,milk at room temperature,15
2250,medium green onions,15
2251,fluid ounce rum,15
2252,Freshly ground black pepper,15
2253,cartons chicken broth,15
2254,prepared marinara sauce,15
2255,leaves basil,15
2256,file powder,15
2257,thin slices prosciutto,15
2258,chopped green onion (optional),15
2259,red kidney beans drained,15
2260,mild curry powder,15
2261,dried shiitake mushrooms,15
2262,bread cubed,15
2263,chopped walnuts toasted,15
2264,quinoa rinsed and drained,15
2265,white onions,15
2266,sprig fresh parsley,15
2267,bulb garlic,15
2268,flax seed,15
2269,torn romaine lettuce,15
2270,mirin,15
2271,diced yellow bell pepper,15
2272,fluid ounce orange juice,15
2273,finely chopped carrots,15
2274,prepared basil pesto,15
2275,fluid ounces lemon-lime flavored carbonated beverage,15
2276,Asian fish sauce,15
2277,lamb shanks,15
2278,rice noodles,15
2279,crushed corn flakes,15
2280,fluid ounces light rum,15
2281,cubed ham,15
2282,Sour cream,15
2283,champagne vinegar,15
2284,cilantro finely chopped,15
2285,paprika (optional),15
2286,palm sugar,15
2287,Sriracha hot sauce,15
2288,phyllo dough,15
2289,halved grape tomatoes,15
2290,fish stock,15
2291,salt pork,15
2292,fresh salsa,15
2293,steel cut oats,15
2294,quarts oil for frying,15
2295,anchovy fillets,15
2296,sliced potatoes,15
2297,Italian-style diced tomatoes drained,15
2298,cubed butternut squash,15
2299,sliced red bell pepper,15
2300,light brown sugar packed,15
2301,hard-cooked eggs,15
2302,envelopes active dry yeast,15
2303,softened cream cheese,15
2304,fresh asparagus,15
2305,broccoli coleslaw mix,15
2306,eggs divided,15
2307,seedless grapes halved,15
2308,alfalfa sprouts,15
2309,banana peppers,15
2310,large Yukon Gold potatoes,15
2311,dark chocolate chopped,15
2312,crushed red pepper to taste,15
2313,confectioners' sugar for rolling,15
2314,dried apricots chopped,15
2315,half pint canning jars with lids and rings,15
2316,bag chocolate chips,15
2317,shredded fontina cheese,15
2318,diced cooked chicken meat,15
2319,all purpose flour,15
2320,large avocados,15
2321,candy-coated milk chocolate pieces (such as M&M's®),15
2322,self-rising cornmeal,15
2323,manicotti shells,15
2324,peeled tomatoes with liquid,15
2325,anchovy fillets chopped,15
2326,fresh spinach washed and chopped,15
2327,chicken breast tenderloins,15
2328,refrigerated pizza crust,15
2329,millet,15
2330,fresh spinach chopped,15
2331,poblano pepper,15
2332,granular sucralose sweetener (such as Splenda®),15
2333,finely ground almonds,15
2334,raw cashews,15
2335,instant butterscotch pudding mix,15
2336,clams in shell scrubbed,15
2337,grated nutmeg,15
2338,medium cucumber,15
2339,freshly ground white pepper,15
2340,lemon yogurt,15
2341,lemon for garnish,15
2342,minced jalapeno pepper,15
2343,diced mushrooms,15
2344,Quaker® Oats (Quick,15
2345,chopped fresh thyme leaves,15
2346,cooked medium shrimp,15
2347,fresh ground black pepper to taste,15
2348,sun-dried tomatoes chopped,15
2349,bran cereal,15
2350,minced fresh oregano,15
2351,bread flour divided,15
2352,bulk hot Italian sausage,15
2353,roma (plum) tomatoes seeded and chopped,15
2354,refrigerated pie crust,15
2355,blue food coloring,15
2356,chopped dill pickles,15
2357,mild Italian sausage,15
2358,tri-color rotini pasta,15
2359,fresh dill chopped,15
2360,cooked boneless chicken breast halves,14
2361,low fat low sodium chicken broth,14
2362,strawberries sliced,14
2363,Meatloaf:,14
2364,garlic pepper,14
2365,pecan pieces,14
2366,Reddi-wip® Original Dairy Whipped Topping,14
2367,Cornish game hens,14
2368,English muffins split,14
2369,chunk light tuna in water,14
2370,grated orange peel,14
2371,coarsely chopped onion,14
2372,medium tomatoes chopped,14
2373,light molasses,14
2374,unbleached flour,14
2375,heads garlic,14
2376,fluid ounce) jiggers vodka,14
2377,chopped dried mixed fruit,14
2378,frozen mixed berries,14
2379,hot chile paste (such as sambal oelek),14
2380,fluid ounce dry vermouth,14
2381,lemon wedges,14
2382,plain dry bread crumbs,14
2383,round Brie cheese,14
2384,bulgur,14
2385,PHILADELPHIA Brick Cream Cheese softened,14
2386,chopped unsalted dry-roasted peanuts,14
2387,toasted almonds,14
2388,castor sugar,14
2389,fettuccini pasta,14
2390,fat-free cream cheese,14
2391,stick butter,14
2392,spicy Italian sausage,14
2393,Brussels sprouts halved,14
2394,fontina cheese,14
2395,pitted green olives chopped,14
2396,fluid ounce light rum,14
2397,hot cooked rice,14
2398,Hungarian paprika,14
2399,avocado sliced,14
2400,mild Cheddar cheese,14
2401,linguine,14
2402,candy-coated chocolate pieces,14
2403,yellow curry powder,14
2404,corn muffin mix,14
2405,chili garlic sauce,14
2406,KRAFT Grated Parmesan Cheese,14
2407,salsa (optional),14
2408,leek sliced,14
2409,macaroni and cheese mix,14
2410,stewed tomatoes with juice,14
2411,flat iron steak,14
2412,fresh sage leaves,14
2413,white beans drained and rinsed,14
2414,chicken bouillon cubes,14
2415,low-fat buttermilk,14
2416,finely chopped sweet onion,14
2417,green curry paste,14
2418,pepper to taste,14
2419,ginger garlic paste,14
2420,fluid ounce) can frozen orange juice concentrate,14
2421,prepared pesto,14
2422,thick cut bacon,14
2423,whipped topping,14
2424,banana cut into chunks,14
2425,small clove garlic,14
2426,2% low-fat milk,14
2427,pork belly,14
2428,vanilla baking chips,14
2429,wheat and barley nugget cereal (e.g. Grape-Nuts™),14
2430,Irish cream liqueur (such as Baileys®),14
2431,champagne,14
2432,dark red kidney beans drained and rinsed,14
2433,refrigerated buttermilk biscuit dough,14
2434,seafood seasoning such as Old Bay™,14
2435,water chestnuts,14
2436,chile powder,14
2437,julienned carrots,14
2438,prepared mashed potatoes,14
2439,instant brown rice,14
2440,fluid ounce) jigger peach schnapps,14
2441,dry pasta,14
2442,uncooked linguine pasta,14
2443,Havarti cheese,14
2444,heavy cream (optional),14
2445,baby arugula,14
2446,hard-boiled egg,14
2447,unsalted sunflower seeds,14
2448,chopped black walnuts,14
2449,corn chips,14
2450,Chardonnay wine,14
2451,dried oregano crushed,14
2452,Gevalia® Cold Brew Concentrate,14
2453,Kosher salt to taste,14
2454,chopped green bell peppers,14
2455,French baguette,14
2456,quart whole milk,14
2457,Kaiser rolls split,14
2458,turmeric,14
2459,confectioners' sugar (optional),14
2460,large red onions,14
2461,freshly grated Romano cheese,14
2462,unbaked 9 inch pie crust,14
2463,Dijon-style mustard,14
2464,condensed cream of Cheddar cheese soup,14
2465,head romaine lettuce torn into bite-size pieces,14
2466,large portobello mushroom caps,14
2467,mixed baby greens,14
2468,pint vanilla ice cream,14
2469,ground turkey breast,14
2470,radishes sliced,14
2471,Italian-style hoagie buns,14
2472,French-style green beans drained,14
2473,refrigerated pizza dough,14
2474,eggplant,14
2475,fluid ounce dark rum,14
2476,dry onion soup mix (such as Lipton®),14
2477,diced apple,14
2478,crushed vanilla wafers,14
2479,turkey gravy,14
2480,walnuts chopped,14
2481,flounder fillets,14
2482,frozen broccoli florets,14
2483,zucchini grated,14
2484,shredded cooked turkey,14
2485,cooked quinoa,14
2486,diced green chiles drained,14
2487,all-purpose flour for dredging,14
2488,apple jelly,14
2489,fluid ounce coffee-flavored liqueur (such as Kahlua®),14
2490,chopped cilantro (optional),14
2491,frozen raspberries thawed,14
2492,fluid ounce sweet vermouth,14
2493,coarsely chopped fresh basil,14
2494,tea bags,14
2495,gochujang (Korean hot pepper paste),14
2496,coconut,14
2497,mixed nuts,14
2498,large green onions,14
2499,pesto sauce,14
2500,ground dried rosemary,14
2501,pineapple chunks in juice,14
2502,quarts popped popcorn,13
2503,toasted chopped pecans,13
2504,soy sauce to taste,13
2505,butter-flavored cooking spray,13
2506,vermicelli pasta,13
2507,sliced almonds (optional),13
2508,crumbled queso fresco,13
2509,inch thick) boneless pork chops,13
2510,unsweetened coconut cream,13
2511,fresh ground pork sausage,13
2512,smoked ham hocks,13
2513,oranges,13
2514,kalamata olives pitted and chopped,13
2515,cream cheese frosting,13
2516,semisweet chocolate chips (optional),13
2517,bamboo skewers soaked in water for 20 minutes,13
2518,quart buttermilk,13
2519,zucchini shredded,13
2520,large jalapeno peppers,13
2521,rice milk,13
2522,Rice:,13
2523,balsamic vinaigrette,13
2524,white chocolate,13
2525,scoop vanilla ice cream,13
2526,bottle lemon-lime flavored carbonated beverage,13
2527,cherry tomatoes quartered,13
2528,roasted red pepper,13
2529,crushed peanuts,13
2530,prepared lemonade,13
2531,freshly ground nutmeg,13
2532,flaked coconut toasted,13
2533,fresh pineapple chunks,13
2534,pimentos,13
2535,sugar divided,13
2536,yeast,13
2537,square semisweet chocolate,13
2538,pickled jalapeno pepper slices,13
2539,ham hock,13
2540,crumbled feta,13
2541,Catalina salad dressing,13
2542,pint blueberries,13
2543,dry-roasted peanuts,13
2544,Scotch whiskey,13
2545,quart heavy cream,13
2546,coarse kosher salt,13
2547,fillets swai fish,13
2548,cake compressed fresh yeast,13
2549,spaghetti squash halved lengthwise and seeded,13
2550,frozen French fries,13
2551,toasted wheat germ,13
2552,chopped fresh green beans,13
2553,sliced mozzarella cheese,13
2554,ripe banana,13
2555,diced green onions,13
2556,firm tofu drained and cubed,13
2557,links hot Italian sausage,13
2558,shredded green cabbage,13
2559,arrowroot powder,13
2560,ham bone,13
2561,finely diced celery,13
2562,fluid ounces triple sec,13
2563,dry vegetable soup mix,13
2564,cannellini beans rinsed and drained,13
2565,canned whole kernel corn,13
2566,sleeve buttery round crackers (such as Ritz®),13
2567,extra firm tofu,13
2568,angel food cake,13
2569,stewed tomatoes undrained,13
2570,dry fettuccini noodles,13
2571,harissa,13
2572,tuna steaks,13
2573,loaf cocktail rye bread,13
2574,Pastry:,13
2575,potato gnocchi,13
2576,Italian seasoned dry bread crumbs,13
2577,pineapple chunks with juice,13
2578,kiwis peeled and sliced,13
2579,sea salt divided,13
2580,pork loin roast,13
2581,dry ranch salad dressing mix,13
2582,chopped pecans toasted,13
2583,cut up chicken pieces,13
2584,apple diced,13
2585,jasmine rice,13
2586,pearl (Israeli) couscous,13
2587,seafood seasoning,13
2588,polenta,13
2589,tuna in water,13
2590,butter flavored cooking spray,13
2591,Stevia In The Raw®,13
2592,refrigerated pie crusts,13
2593,diced yellow onion,13
2594,Brussels sprouts trimmed and halved,13
2595,sunflower seed kernels,13
2596,minced parsley,13
2597,sliced Swiss cheese,13
2598,wheat bread crumbs,13
2599,frozen shredded hash brown potatoes,13
2600,bottle vodka,13
2601,fresh poblano chile pepper,13
2602,quick-cooking rolled oats,13
2603,fluid ounces brandy,13
2604,fettuccine,13
2605,fillets cod,13
2606,sliced water chestnuts,13
2607,nonfat sour cream,13
2608,chopped bok choy,13
2609,agave syrup,13
2610,Roma (plum) tomatoes diced,13
2611,fluid ounce pineapple juice,13
2612,finely grated orange zest,13
2613,oranges juiced,13
2614,Italian bread,13
2615,hot salsa,13
2616,garlic granules,13
2617,FILLING:,13
2618,artificial sweetener,13
2619,dry white wine (optional),13
2620,fillets halibut,13
2621,fluid ounce) can cola-flavored carbonated beverage,13
2622,ground ancho chile pepper,13
2623,Dutch process cocoa powder,13
2624,frozen stir-fry vegetables,13
2625,head cabbage shredded,13
2626,cold coffee,13
2627,plum tomatoes chopped,13
2628,squares bittersweet chocolate,13
2629,fresh green beans rinsed and trimmed,13
2630,lamb chops,13
2631,shredded pepper Jack cheese,13
2632,minced yellow onion,13
2633,very ripe bananas,13
2634,fluid ounce butterscotch schnapps,13
2635,no-boil lasagna noodles,13
2636,Hunt's® Diced Tomatoes drained,13
2637,toasted sesame seeds (optional),13
2638,ground bison,13
2639,chopped fresh rosemary leaves,13
2640,mushroom pieces,13
2641,medium garlic cloves,13
2642,tub COOL WHIP Whipped Topping thawed divided,13
2643,sliced pimento peppers,13
2644,finely ground black pepper,13
2645,non-instant vanilla pudding mix,13
2646,processed cheese sauce,13
2647,yellow corn,13
2648,ground beef sirloin,13
2649,tomatoes cut into wedges,13
2650,fresh strawberries hulled and halved,13
2651,russet potato,13
2652,confectioners' sugar divided,13
2653,ranch salad dressing,13
2654,salt and cracked black pepper to taste,13
2655,medium beets,13
2656,ears corn on the cob,13
2657,Italian-style seasoned bread crumbs,13
2658,butternut squash halved lengthwise and seeded,13
2659,ground cayenne pepper (optional),13
2660,fenugreek seeds,13
2661,torn fresh basil leaves,13
2662,whole-wheat flour,13
2663,freshly grated lemon zest,13
2664,sliced white mushrooms,13
2665,corned beef brisket,12
2666,limes quartered,12
2667,chopped salted peanuts,12
2668,cooked cubed chicken meat,12
2669,inch thick) pork chops,12
2670,liters lemon-lime flavored carbonated beverage,12
2671,shredded napa cabbage,12
2672,crispy rice cereal squares,12
2673,sprigs fresh rosemary chopped,12
2674,chilled unsalted butter,12
2675,banana chopped,12
2676,small garlic clove,12
2677,coarsely chopped fresh cilantro,12
2678,Hungarian sweet paprika,12
2679,RAGÚ® Old World Style® Traditional Sauce,12
2680,English muffins split and toasted,12
2681,cooked crumbled bacon,12
2682,cooked chicken breast halves,12
2683,mushroom stems and pieces,12
2684,HORMEL® Mary Kitchen® Corned Beef Hash,12
2685,butter OR margarine,12
2686,Italian-style dry bread crumbs,12
2687,almond extract (optional),12
2688,bottle red wine,12
2689,stewed tomatoes drained,12
2690,quart half-and-half cream,12
2691,hickory-flavored liquid smoke,12
2692,Hillshire Farm® Smoked Sausage diagonally cut into 1/4-inch slices,12
2693,PHILADELPHIA Cream Cheese cubed,12
2694,chopped roasted peanuts,12
2695,finely minced onion,12
2696,black olives drained and chopped,12
2697,diced onions,12
2698,red kidney beans drained and rinsed,12
2699,sweetened shredded coconut,12
2700,pomegranate molasses,12
2701,prepared vanilla frosting,12
2702,Handful hickory,12
2703,large strawberries,12
2704,orange sliced,12
2705,cashew butter,12
2706,large garlic clove,12
2707,shredded Asiago cheese,12
2708,sliced green bell pepper,12
2709,mini marshmallows,12
2710,angel food cake mix,12
2711,ground dried turmeric,12
2712,tomato-based chili sauce,12
2713,leg of lamb,12
2714,red snapper fillets,12
2715,Alfredo-style pasta sauce,12
2716,diced pineapple,12
2717,hot sauce (such as Tabasco®),12
2718,canned crushed tomatoes,12
2719,boneless pork roast,12
2720,Vinaigrette:,12
2721,uncooked couscous,12
2722,salt and white pepper to taste,12
2723,Kikkoman Soy Sauce,12
2724,coarsely chopped cilantro,12
2725,sweet and sour sauce,12
2726,quarts milk,12
2727,Mexican-style stewed tomatoes,12
2728,white mushrooms sliced,12
2729,diced white onion,12
2730,sprigs fresh cilantro,12
2731,envelope taco seasoning mix,12
2732,fruit preserves any flavor,12
2733,carton sour cream,12
2734,instant white rice,12
2735,cooked cubed chicken breast meat,12
2736,chipotle pepper in adobo sauce,12
2737,canned coconut milk,12
2738,bottle clam juice,12
2739,golden raisins (optional),12
2740,maple extract,12
2741,maraschino cherry juice,12
2742,frozen broccoli,12
2743,green food coloring (optional),12
2744,chopped water chestnuts,12
2745,vanilla ice cream softened,12
2746,venison steaks,12
2747,plum tomatoes diced,12
2748,ground black pepper to taste (optional),12
2749,dried lentils,12
2750,double crust ready-to-use pie crust,12
2751,kaffir lime leaves,12
2752,stone-ground mustard,12
2753,peach preserves,12
2754,frozen puff pastry sheets thawed,12
2755,leftover mashed potatoes,12
2756,minced clams drained,12
2757,hazelnut liqueur,12
2758,fruit cocktail,12
2759,lump crabmeat drained,12
2760,dry pinto beans,12
2761,square unsweetened chocolate,12
2762,fluid ounces beer,12
2763,wedge lemon,12
2764,small zucchini chopped,12
2765,loaf Italian bread,12
2766,bulk mild Italian sausage,12
2767,Vegetables:,12
2768,diced fresh tomato,12
2769,chili,12
2770,apples cored and chopped,12
2771,fresh garlic,12
2772,oatmeal,12
2773,green pepper,12
2774,beef oxtail,12
2775,reduced-sodium beef broth,12
2776,large lemon juiced,12
2777,Diamond Crystal® Kosher Salt,12
2778,small apple,12
2779,garlic and herb seasoning blend (such as Mrs. Dash®),12
2780,chocolate sandwich cookies (such as Oreo®),12
2781,large English cucumber,12
2782,beef tenderloin steaks,12
2783,lemon peeled,12
2784,acorn squash,12
2785,kalamata olives,12
2786,romaine lettuce,12
2787,pine nuts (optional),12
2788,tomato pasta sauce,12
2789,ripe bananas sliced,12
2790,root beer,12
2791,large eggplant,12
2792,large tomatoes sliced,12
2793,fresh tuna steaks,12
2794,fresh mushrooms coarsely chopped,12
2795,cooked ham chopped,12
2796,head fresh broccoli chopped,12
2797,ice cubes (optional),12
2798,roma (plum) tomatoes thinly sliced,12
2799,heavy cream divided,12
2800,unsweetened vanilla-flavored almond milk,12
2801,canning jars with lids and rings,12
2802,refrigerated sugar cookie dough,12
2803,hot chicken broth,12
2804,celery rib,12
2805,horseradish,12
2806,squares white chocolate chopped,12
2807,converted long-grain white rice,12
2808,crushed red pepper flakes to taste,12
2809,sliced carrot,11
2810,lowfat buttermilk,11
2811,blue cheese crumbles,11
2812,cold brewed coffee,11
2813,finely chopped fresh dill,11
2814,Campbell's® Condensed Cream of Mushroom Soup (Regular 98% Fat Free,11
2815,diced fresh mango,11
2816,white wine (optional),11
2817,finely shredded cabbage,11
2818,crumbled cornbread,11
2819,pork sausage links,11
2820,crushed bay leaf,11
2821,sweet peas drained,11
2822,hominy drained,11
2823,limes cut into wedges,11
2824,orange sliced into rounds,11
2825,ranch-style salad dressing,11
2826,pepperoncini peppers,11
2827,minced fresh mint leaves,11
2828,large egg yolk,11
2829,sliced provolone cheese,11
2830,head cabbage cored and shredded,11
2831,hot sauce (such as Frank's RedHot ®),11
2832,white truffle oil,11
2833,fluid ounce) jigger coffee flavored liqueur,11
2834,prime rib roast,11
2835,super fine sugar,11
2836,thinly sliced salami,11
2837,fluid ounces Irish cream liqueur,11
2838,fresh peaches pitted and sliced,11
2839,freshly shredded Parmigiano-Reggiano cheese,11
2840,minced clams with juice,11
2841,large russet potato,11
2842,jalapeno chile pepper,11
2843,fluid ounce sweet and sour mix,11
2844,chia seeds (optional),11
2845,low-fat vanilla yogurt,11
2846,sauerkraut drained and rinsed,11
2847,Caesar salad dressing,11
2848,dry taco seasoning mix,11
2849,fresh peaches pitted and chopped,11
2850,to taste salt and pepper to taste,11
2851,pepperoncini,11
2852,gallon whole milk,11
2853,avocado mashed,11
2854,asparagus,11
2855,asparagus trimmed,11
2856,zesty Italian dressing,11
2857,coarse salt to taste,11
2858,chopped cooked chicken breast meat,11
2859,warm water (100 to 110 degrees F/40 to 45 degrees C),11
2860,imitation crabmeat chopped,11
2861,French dressing,11
2862,tuna packed in water,11
2863,Thai chile peppers,11
2864,chopped blanched almonds,11
2865,steaks,11
2866,vanilla fat-free yogurt,11
2867,head lettuce chopped,11
2868,chopped bell pepper,11
2869,chopped toasted walnuts,11
2870,pumpkin pie filling,11
2871,crushed graham crackers,11
2872,dry great Northern beans,11
2873,strips cooked bacon,11
2874,frozen sliced okra,11
2875,packed fresh basil leaves,11
2876,Goya Extra Virgin Olive Oil,11
2877,custard powder,11
2878,candied mixed fruit,11
2879,frozen banana,11
2880,jalapeno,11
2881,matzo cake meal,11
2882,mango nectar,11
2883,freshly grated orange zest,11
2884,Kikkoman Panko Bread Crumbs,11
2885,Roma tomatoes diced,11
2886,zucchinis sliced,11
2887,white bread cubes,11
2888,shredded smoked Gouda cheese,11
2889,white pepper to taste,11
2890,fresh ginger peeled and thinly sliced,11
2891,fresh mushrooms thinly sliced,11
2892,small red onions,11
2893,pickle relish,11
2894,thinly sliced onions,11
2895,small seashell pasta,11
2896,fresh poblano chile peppers,11
2897,buffalo wing sauce,11
2898,peeled and shredded potatoes,11
2899,pint fresh strawberries,11
2900,diced fresh pineapple,11
2901,Cookies:,11
2902,large apple,11
2903,fluid ounce) can frozen limeade concentrate,11
2904,powdered chocolate drink mix,11
2905,sauerkraut with juice,11
2906,whipped cream (optional),11
2907,apple cored and diced,11
2908,minced white onion,11
2909,large bell peppers,11
2910,Merlot wine,11
2911,sheets nori (dry seaweed),11
2912,dry brown lentils,11
2913,butter cake mix,11
2914,tiger prawns peeled and deveined,11
2915,finely chopped onions,11
2916,brown sugar (optional),11
2917,large eggs at room temperature,11
2918,chickpea flour,11
2919,Golden Delicious apples,11
2920,diced tomatoes in juice,11
2921,low-fat (1%) milk,11
2922,half-and-half (or whole milk),11
2923,minced jalapeno peppers,11
2924,venison stew meat,11
2925,sheets frozen puff pastry thawed,11
2926,dates pitted,11
2927,caramel topping,11
2928,vegetarian burger crumbles,11
2929,sugar snap peas trimmed,11
2930,Brine:,11
2931,sweet vermouth,11
2932,hot Italian sausage links,11
2933,bone-in chicken thighs with skin,11
2934,dry garbanzo beans,11
2935,box yellow cake mix,11
2936,instant oatmeal,11
2937,bread cubes,11
2938,hard-boiled eggs peeled,11
2939,Roma tomato,11
2940,long grain and wild rice mix,11
2941,ground sumac,11
2942,shredded low-fat mozzarella cheese,11
2943,crabmeat drained,11
2944,colored candy sprinkles,11
2945,pint half-and-half cream,11
2946,corned beef brisket with spice packet,11
2947,taco shells,11
2948,quart vanilla ice cream softened,11
2949,tomatoes coarsely chopped,11
2950,beef frankfurters,11
2951,fingerling potatoes,11
2952,canned mushrooms,11
2953,demerara sugar,11
2954,gluten-free all-purpose baking flour,11
2955,crumbled feta cheese (optional),11
2956,instant coconut cream pudding mix,11
2957,fire-roasted diced tomatoes with juice,11
2958,fresh strawberries halved,11
2959,vanilla frosting,11
2960,loaves frozen bread dough thawed,11
2961,sliced deli turkey meat,11
2962,Italian flat leaf parsley,11
2963,fresh parsley leaves,11
2964,fresh green beans washed and trimmed,11
2965,links sweet Italian sausage,11
2966,sun-dried tomato pesto,11
2967,large zucchini,11
2968,peeled tomatoes with liquid chopped,11
2969,wheat hamburger buns,11
2970,cold heavy whipping cream,11
2971,pineapple preserves,11
2972,haddock fillets,11
2973,uncooked quinoa rinsed,11
2974,ripe tomatoes chopped,11
2975,taco seasoning mix divided,11
2976,prosciutto chopped,11
2977,Burgers:,11
2978,Brussels sprouts trimmed,11
2979,condensed cream of broccoli soup,11
2980,hot chili powder,11
2981,pinto beans undrained,11
2982,cod fillets cubed,11
2983,mostaccioli pasta,11
2984,shredded iceberg lettuce,11
2985,coarse sea salt to taste,11
2986,spicy mustard,11
2987,leaves romaine lettuce,11
2988,uncooked pasta shells,11
2989,finely shredded Parmesan cheese,11
2990,sprigs fresh basil,11
2991,salt plus more to taste,11
2992,matchstick-cut carrots,11
2993,eggplant sliced into 1/2 inch rounds,11
2994,lump crabmeat,11
2995,beaten eggs,11
2996,baby spinach rinsed and dried,11
2997,ginger-garlic paste,11
2998,mashed cooked butternut squash,11
2999,dark beer,11
3000,chickpeas rinsed and drained,11
3001,all-purpose flour (optional),11
3002,small banana,11
3003,fresh asparagus trimmed and cut into 1-inch pieces,11
3004,black mustard seed,11
3005,rum extract,11
3006,individually wrapped caramels,11
3007,Buffalo wing sauce,11
3008,chopped broccoli florets,11
3009,gluten-free all-purpose flour,11
3010,fresh tomato,11
